<?xml version="1.0" encoding="UTF-8" standalone="yes"?>
<addon id="plugin.video.Carnamaleon2" name="[COLOR gold]Carna[/COLOR][COLOR blue]maleon2[/COLOR]" version="2.0.2" provider-name="Sotavent0">
    <requires>
        <import addon="script.module.six" version="1.11.0" />
        <import addon="script.module.simplecache"/>
        <import addon="plugin.video.duffyou"  optional="true"/>
        <import addon="plugin.video.youtube" optional="true" />
        <import addon="script.module.inputstreamhelper" version="0.5.0" />
    </requires>
    <extension point="xbmc.python.pluginsource" library="default.py">
        <provides>video</provides>
    </extension>

    <extension point="xbmc.addon.metadata">
        <summary>[COLOR gold]Carna[/COLOR][COLOR blue]maleon 2.0[/COLOR]</summary>
        <description>Todo el Carnaval de Cádiz en tu Kodi. Videos desde el Teatro Falla, pregones, programas especiales, TV+Radio en directo del concurso y mucho más, ¡Todo gratuito, en HD y sin anuncios!</description>
        <platform>all</platform>
        <assets>
            <icon>icon.png</icon>
            <fanart>fanart.jpg</fanart>
            <screenshot>screenshot-01.jpg</screenshot>
            <screenshot>screenshot-02.jpg</screenshot>
            <screenshot>screenshot-03.jpg</screenshot>
            <screenshot>screenshot-04.jpg</screenshot>
        </assets>
        <license>[B]Este es un software gratuito[/B]</license>
        <news></news>
    </extension>
</addon>
